sourceId,publisher,sourcePlatform,sourceUrl,license,licenseEvidence,attributionRequired,attributionText,rawRedistributionAllowed,productionUseAllowed,notes
reference-concept-board,Owner,OWNER_REFERENCE,,UNKNOWN_REQUIRES_REVIEW,"Owner reference image; visual authority only, not a production asset license.",,,False,False,Do not redistribute full concept board or extract game assets from it. Reference has been inspected locally.
mechs-quaternius,Quaternius,QUATERNIUS,https://quaternius.com/packs/animatedmech.html,CC0,Included Animated Mech Pack - March 2021\License.txt; file SHA256 83d8959f9fc56353ed571fbe2dc52e4bcd64508e2399501cd45ac2ce3df0bf8c; publisher URL https://quaternius.com/packs/animatedmech.html,False,,True,True,Local license explicitly covers personal/commercial use; no raw assets committed even where redistribution is allowed.
vfx-impact,Cartoon VFX by Wallcoeur,UNITY_ASSET_STORE,https://assetstore.unity.com/packages/vfx/particles/vfx-impact-and-hit-light-version-335800,UNITY_ASSET_STORE_EULA,"Local Unity header content id 335800, publisher Cartoon VFX by Wallcoeur; official product listing Standard Unity Asset Store EULA checked 2026-10-08; https://unity.com/legal/as-terms",False,,False,True,"Commercial compiled-game use under owner acquisition/EULA; raw/modified source redistribution prohibited. Local version, not latest marketplace version, was inspected. No source files enter the public repo. Public V3 must use private donor artifacts or reproducible owner-local intake."
env-creepycat-starter,Creepy Cat,UNITY_ASSET_STORE,https://assetstore.unity.com/packages/3d/environments/3d-scifi-kit-starter-kit-92152,UNITY_ASSET_STORE_EULA,"Local Unity header content id 92152, publisher Creepy Cat; official product listing Standard Unity Asset Store EULA checked 2026-10-08; https://unity.com/legal/as-terms",False,,False,True,"Commercial compiled-game use under owner acquisition/EULA; raw/modified source redistribution prohibited. Local version, not latest marketplace version, was inspected. No source files enter the public repo. Public V3 must use private donor artifacts or reproducible owner-local intake."
env-dmitrii-industrial,Dmitrii Kutsenko,UNITY_ASSET_STORE,https://assetstore.unity.com/packages/3d/environments/industrial/rpg-fps-game-assets-for-pc-mobile-industrial-set-v2-0-86679,UNITY_ASSET_STORE_EULA,"Local Unity header content id 86679, publisher Dmitrii Kutsenko; official product listing Standard Unity Asset Store EULA checked 2026-10-08; https://unity.com/legal/as-terms",False,,False,True,"Commercial compiled-game use under owner acquisition/EULA; raw/modified source redistribution prohibited. Local version, not latest marketplace version, was inspected. No source files enter the public repo. Public V3 must use private donor artifacts or reproducible owner-local intake."
weapons-rts-assets,Vdr0id,UNITY_ASSET_STORE,https://assetstore.unity.com/packages/3d/environments/sci-fi/rts-sci-fi-game-assets-v1-112251,UNITY_ASSET_STORE_EULA,"Local Unity header content id 112251, publisher Vdr0id; official product listing Standard Unity Asset Store EULA checked 2026-10-08; https://unity.com/legal/as-terms",False,,False,True,"Commercial compiled-game use under owner acquisition/EULA; raw/modified source redistribution prohibited. Local version, not latest marketplace version, was inspected. No source files enter the public repo. Public V3 must use private donor artifacts or reproducible owner-local intake. V1 unresolved entry resolved to free v1 id112251, not paid v3. Publisher header Vdr0id id15286 matches current Dmitrii Kutsenko."
ui-exe,cjlaserna,ITCH_IO,https://cjlaserna.itch.io/exe,CC_BY_4_0,Included crediting_guide.pdf identifies Catherine Laserna and CC BY 4.0; official https://cjlaserna.itch.io/exe confirms attribution license. Fonts Nunito / Zen Dots carry separate OFL.txt.,True,"EXE - Mini SciFi UI Pack by Catherine Laserna (cjlaserna), https://cjlaserna.itch.io/exe, CC BY 4.0 https://creativecommons.org/licenses/by/4.0/. Changes: none in V2; adaptation must be listed in V3.",True,True,"Nunito and Zen Dots are SIL OFL 1.1, not CC BY; preserve their copyright and OFL notices if bundled. No fonts imported."
weapons-tower-defence,Firadzo Assets,UNITY_ASSET_STORE,https://assetstore.unity.com/packages/3d/environments/sci-fi/tower-defence-sci-fi-turret-free-246331,UNITY_ASSET_STORE_EULA,"Local Unity header content id 246331, publisher Firadzo Assets; official product listing Standard Unity Asset Store EULA checked 2026-10-08; https://unity.com/legal/as-terms",False,,False,True,"Commercial compiled-game use under owner acquisition/EULA; raw/modified source redistribution prohibited. Local version, not latest marketplace version, was inspected. No source files enter the public repo. Public V3 must use private donor artifacts or reproducible owner-local intake."
vfx-fog,Game Seed Assets,UNITY_ASSET_STORE,https://assetstore.unity.com/packages/vfx/particles/fog-particles-351840,UNITY_ASSET_STORE_EULA,"Local Unity header content id 351840, publisher Game Seed Assets; official product listing Standard Unity Asset Store EULA checked 2026-10-08; https://unity.com/legal/as-terms",False,,False,True,"Commercial compiled-game use under owner acquisition/EULA; raw/modified source redistribution prohibited. Local version, not latest marketplace version, was inspected. No source files enter the public repo. Public V3 must use private donor artifacts or reproducible owner-local intake."
vfx-magic,Hovl Studio,UNITY_ASSET_STORE,https://assetstore.unity.com/packages/vfx/particles/spells/magic-effects-free-247933,UNITY_ASSET_STORE_EULA,"Local Unity header content id 247933, publisher Hovl Studio; official product listing Standard Unity Asset Store EULA checked 2026-10-08; https://unity.com/legal/as-terms",False,,False,True,"Commercial compiled-game use under owner acquisition/EULA; raw/modified source redistribution prohibited. Local version, not latest marketplace version, was inspected. No source files enter the public repo. Public V3 must use private donor artifacts or reproducible owner-local intake."
env-karboosx-modular,karboosx,UNITY_ASSET_STORE,https://marketplace.unity.com/packages/3d/environments/sci-fi/sci-fi-styled-modular-pack-82913,UNITY_ASSET_STORE_EULA,"Local Unity header content id 82913, publisher karboosx; official product listing Standard Unity Asset Store EULA checked 2026-10-08; https://unity.com/legal/as-terms",False,,False,True,"Commercial compiled-game use under owner acquisition/EULA; raw/modified source redistribution prohibited. Local version, not latest marketplace version, was inspected. No source files enter the public repo. Public V3 must use private donor artifacts or reproducible owner-local intake."
env-kenney-space,Kenney,KENNEY,https://kenney.nl/assets/modular-space-kit,CC0,Included License.txt; file SHA256 38d94a4c79768cf5dc65e55b85f2dedd9f4bad35e325db1d0e5898fc1b7c5bbb; publisher URL https://kenney.nl/assets/modular-space-kit,False,,True,True,Local license explicitly covers personal/commercial use; no raw assets committed even where redistribution is allowed.
env-kenney-station,Kenney,KENNEY,https://kenney.nl/assets/space-station-kit,CC0,Included License.txt; file SHA256 e8de83b5cb2f01810e32f07691cb1dcf9494dc4a7f8cce0ec8175dfb8c5d98d9; publisher URL https://kenney.nl/assets/space-station-kit,False,,True,True,Local license explicitly covers personal/commercial use; no raw assets committed even where redistribution is allowed.
ui-kenney,Kenney,KENNEY,https://kenney.nl/assets/ui-pack-sci-fi,CC0,Included License.txt; file SHA256 80e091ef18f6b88becb3b7c2306c159d16217ca620bfa21b7177582c72924221; publisher URL https://kenney.nl/assets/ui-pack-sci-fi,False,,True,True,Local license explicitly covers personal/commercial use; no raw assets committed even where redistribution is allowed. Included license confirms UI Pack: Sci-fi 2.0 despite archive filename space-expansion. 742 PNGs include colors/states/sample sheets; not 742 distinct HUD components.
weapons-quaternius,Quaternius,QUATERNIUS,https://quaternius.com/packs/scifimodularguns.html,CC0,Included Modular Sci Fi Guns - Nov 2021\License.txt; file SHA256 83d8959f9fc56353ed571fbe2dc52e4bcd64508e2399501cd45ac2ce3df0bf8c; publisher URL https://quaternius.com/packs/scifimodularguns.html,False,,True,True,Local license explicitly covers personal/commercial use; no raw assets committed even where redistribution is allowed.
env-quaternius-megakit,Quaternius,QUATERNIUS,https://quaternius.com/packs/modularscifimegakit.html,CC0,Included Modular SciFi MegaKit[Standard]\License_Standard.txt; file SHA256 885b700f02932c08a41163b35cc97d1abe0895a05de29d9a9062fde5132969a8; publisher URL https://quaternius.com/packs/modularscifimegakit.html,False,,True,True,Local license explicitly covers personal/commercial use; no raw assets committed even where redistribution is allowed.
env-molten-maps,Moltenbolt,ITCH_IO,https://moltenmaps.itch.io/molten-maps-scifi-pack,CC0,Included Molten Maps SciFi Asset Pack\License.txt; file SHA256 24e5b969794d2cd67005df9a95b9098ceda427ef86bb84ada3d2f3d0d0c515d6; publisher URL https://moltenmaps.itch.io/molten-maps-scifi-pack,False,,True,True,Local license explicitly covers personal/commercial use; no raw assets committed even where redistribution is allowed.
mechs-medium-striker,MSGDI,UNITY_ASSET_STORE,https://assetstore.unity.com/packages/3d/characters/robots/medium-mech-striker-124342,UNITY_ASSET_STORE_EULA,"Local Unity header content id 124342, publisher MSGDI; official product listing Standard Unity Asset Store EULA checked 2026-10-08; https://unity.com/legal/as-terms",False,,False,True,"Commercial compiled-game use under owner acquisition/EULA; raw/modified source redistribution prohibited. Local version, not latest marketplace version, was inspected. No source files enter the public repo. Public V3 must use private donor artifacts or reproducible owner-local intake. V1 Sketchfab mapping/CC BY expectation superseded: actual payload is MSGDI Unity id 124342, v1.1."
env-seed-hunter,POLYGONAUTIC,UNITY_ASSET_STORE,https://assetstore.unity.com/packages/3d/environments/seed-hunter-143414,UNITY_ASSET_STORE_EULA,"Local Unity header content id 143414, publisher POLYGONAUTIC; official product listing Standard Unity Asset Store EULA checked 2026-10-08; https://unity.com/legal/as-terms",False,,False,True,"Commercial compiled-game use under owner acquisition/EULA; raw/modified source redistribution prohibited. Local version, not latest marketplace version, was inspected. No source files enter the public repo. Public V3 must use private donor artifacts or reproducible owner-local intake."
env-quaternius-essentials,Quaternius,QUATERNIUS,https://quaternius.com/packs/scifiessentialskit.html,CC0,Included License_Standard.txt; file SHA256 2687fba65dca7bbd2f9ab2fb7a8c51dd0c7c8e9acd7579415612bec43f68b3f5; publisher URL https://quaternius.com/packs/scifiessentialskit.html,False,,True,True,Local license explicitly covers personal/commercial use; no raw assets committed even where redistribution is allowed.
env-sickhead-construction,Sickhead Games,UNITY_ASSET_STORE,https://assetstore.unity.com/packages/3d/environments/sci-fi/sci-fi-construction-kit-modular-159280,UNITY_ASSET_STORE_EULA,"Local Unity header content id 159280, publisher Sickhead Games; official product listing Standard Unity Asset Store EULA checked 2026-10-08; https://unity.com/legal/as-terms",False,,False,True,"Commercial compiled-game use under owner acquisition/EULA; raw/modified source redistribution prohibited. Local version, not latest marketplace version, was inspected. No source files enter the public repo. Public V3 must use private donor artifacts or reproducible owner-local intake."
vfx-black-hole,SOLODREAM CREATION,UNITY_ASSET_STORE,https://assetstore.unity.com/packages/vfx/free-asset-black-hole-effect-356686,UNITY_ASSET_STORE_EULA,"Local Unity header content id 356686, publisher SOLODREAM CREATION; official product listing Standard Unity Asset Store EULA checked 2026-10-08; https://unity.com/legal/as-terms",False,,False,True,"Commercial compiled-game use under owner acquisition/EULA; raw/modified source redistribution prohibited. Local version, not latest marketplace version, was inspected. No source files enter the public repo. Public V3 must use private donor artifacts or reproducible owner-local intake."
pipes-techlab,TooManyDemons,SKETCHFAB,https://sketchfab.com/3d-models/techlab-modular-scifi-pipes-a481a1af0598431da712a10d11b24321,UNKNOWN_REQUIRES_REVIEW,Official Sketchfab indexed listing confirms TooManyDemons / TechLab and CC Attribution; direct page/API returned 403/inaccessible; exact license version not independently retrieved from payload (no bundled license).,True,"PROVISIONAL: TechLab: Modular Scifi Pipes by TooManyDemons, https://sketchfab.com/3d-models/techlab-modular-scifi-pipes-a481a1af0598431da712a10d11b24321. Confirm exact CC Attribution version before production and record modifications.",False,False,Do not promote to production USE until exact license link/version is confirmed. Archive has conflicting duplicate texture members preserved separately. Geometry identity is established; material mapping needs reconstruction.
ui-tiago,Tiago Patrício,ITCH_IO,https://thiff.itch.io/free-ui-sci-fi,CUSTOM_FREE_COMMERCIAL,Official https://thiff.itch.io/free-ui-sci-fi confirms personal/commercial use for creator artwork and matches exact ZIP/PSD dimensions.,False,,False,False,FRAME-ONLY donor permitted after layered export excludes Icons8 icons and example text. Whole pack not cleared: official page names Icons8 icons (separate permission/attribution unresolved) and Audiowide font (not bundled). Raw redistribution not explicitly licensed.
weapons-warzone,VDGames,UNITY_ASSET_STORE,https://marketplace.unity.com/packages/3d/environments/warzone-sci-fi-turret-pack-57540,UNITY_ASSET_STORE_EULA,"Local Unity header content id 57540, publisher VDGames; official product listing Standard Unity Asset Store EULA checked 2026-10-08; https://unity.com/legal/as-terms",False,,False,True,"Commercial compiled-game use under owner acquisition/EULA; raw/modified source redistribution prohibited. Local version, not latest marketplace version, was inspected. No source files enter the public repo. Public V3 must use private donor artifacts or reproducible owner-local intake."
vfx-fire,Vefects,UNITY_ASSET_STORE,https://assetstore.unity.com/packages/vfx/particles/fire-explosions/free-fire-vfx-urp-266226,UNITY_ASSET_STORE_EULA,"Local Unity header content id 266226, publisher Vefects; official product listing Standard Unity Asset Store EULA checked 2026-10-08; https://unity.com/legal/as-terms",False,,False,True,"Commercial compiled-game use under owner acquisition/EULA; raw/modified source redistribution prohibited. Local version, not latest marketplace version, was inspected. No source files enter the public repo. Public V3 must use private donor artifacts or reproducible owner-local intake."
mechs-combat-drone,VoodooPlay,UNITY_ASSET_STORE,https://assetstore.unity.com/packages/3d/characters/robots/low-poly-combat-drone-82234,UNITY_ASSET_STORE_EULA,"Local Unity header content id 82234, publisher VoodooPlay; official product listing Standard Unity Asset Store EULA checked 2026-10-08; https://unity.com/legal/as-terms",False,,False,True,"Commercial compiled-game use under owner acquisition/EULA; raw/modified source redistribution prohibited. Local version, not latest marketplace version, was inspected. No source files enter the public repo. Public V3 must use private donor artifacts or reproducible owner-local intake."
